{
    "MDVP:Fo(Hz)": 126.3538876817205,
    "MDVP:Fhi(Hz)": 137.0199360395392,
    "MDVP:Flo(Hz)": 120.31949801422631,
    "MDVP:Jitter(%)": 0.3598019961217762,
    "MDVP:Jitter(Abs)": 2.849539702136912e-05,
    "MDVP:RAP": 0.0012964820112399476,
    "MDVP:PPQ": 0.0018940277493078041,
    "Jitter:DDP": 0.003889446033719843,
    "MDVP:Shimmer": 0.46860846877098083,
    "MDVP:Shimmer(dB)": 3.338120937347412,
    "Shimmer:APQ3": 0.2591170370578766,
    "Shimmer:APQ5": 0.3059666156768799,
    "MDVP:APQ": 0.3059666156768799,
    "Shimmer:DDA": 0.7773511409759521,
    "NHR": 0.043200691269288286,
    "HNR": 13.645093038324148,
    "RPDE": 3.8064587337729234,
    "DFA": 1.3434384804791168,
    "spread1": 0.5665116321506238,
    "spread2": 3.3721015100312073,
    "D2": 1.4783515327332575,
    "PPE": 3.6731184481774766,
    "status": null
}